{
  "project_info": {
    "project_number": "572232021967",
    "project_id": "authapp-64690",
    "storage_bucket": "authapp-64690.appspot.com"
  },
  "client": [
    {
      "client_info": {
        "mobilesdk_app_id": "1:572232021967:android:7198efd9c19299c8f7c4ba",
        "android_client_info": {
          "package_name": "com.mycompany.login"
        }
      },
      "oauth_client": [
        {
          "client_id": "572232021967-cnbctkh62rlb1ap7ha6cfni5hapni898.apps.googleusercontent.com",
          "client_type": 3
        }
      ],
      "api_key": [
        {
          "current_key": "AIzaSyC5IRSd_34jJBQXT0eMwch9vLTiwIo5A4Y"
        }
      ],
      "services": {
        "appinvite_service": {
          "other_platform_oauth_client": [
            {
              "client_id": "572232021967-cnbctkh62rlb1ap7ha6cfni5hapni898.apps.googleusercontent.com",
              "client_type": 3
            },
            {
              "client_id": "572232021967-4hlcp34m7k82qcad0u860jg2puubtqeu.apps.googleusercontent.com",
              "client_type": 2,
              "ios_info": {
                "bundle_id": "com.mycompany.login"
              }
            }
          ]
        }
      }
    }
  ],
  "configuration_version": "1"
}